Start date;End date;Germany/Luxembourg [€/MWh] Calculated resolutions;∅ DE/LU neighbours [€/MWh] Calculated resolutions;Belgium [€/MWh] Calculated resolutions;Denmark 1 [€/MWh] Calculated resolutions;Denmark 2 [€/MWh] Calculated resolutions;France [€/MWh] Calculated resolutions;Netherlands [€/MWh] Calculated resolutions;Norway 2 [€/MWh] Calculated resolutions;Austria [€/MWh] Calculated resolutions;Poland [€/MWh] Calculated resolutions;Sweden 4 [€/MWh] Calculated resolutions;Switzerland [€/MWh] Calculated resolutions;Czech Republic [€/MWh] Calculated resolutions;DE/AT/LU [€/MWh] Calculated resolutions;Northern Italy [€/MWh] Calculated resolutions;Slovenia [€/MWh] Calculated resolutions;Hungary [€/MWh] Calculated resolutions
Oct 1, 2018;Oct 8, 2018;51.45;-;72.75;50.26;53.33;64.79;60.70;46.13;61.38;-;54.35;72.12;56.15;-;77.00;65.87;66.19
Oct 8, 2018;Oct 15, 2018;54.53;-;66.06;40.98;49.63;62.64;60.74;38.41;64.74;-;48.77;73.23;57.23;-;74.68;65.03;64.63
Oct 15, 2018;Oct 22, 2018;64.00;-;69.56;60.12;61.11;66.66;65.30;39.72;67.34;-;58.52;74.02;61.43;-;77.65;67.34;69.20
Oct 22, 2018;Oct 29, 2018;47.71;-;80.85;41.28;43.30;65.03;55.41;42.10;58.81;-;45.39;72.20;53.67;-;72.15;60.96;61.21
Oct 29, 2018;Nov 5, 2018;46.43;-;86.82;44.71;45.33;65.18;53.94;43.73;50.88;-;45.73;64.86;49.07;-;66.61;54.76;54.73
Nov 5, 2018;Nov 12, 2018;53.85;-;64.57;52.44;52.88;57.81;60.67;44.72;54.85;-;52.57;56.69;53.84;-;61.44;57.48;57.51
Nov 12, 2018;Nov 19, 2018;55.28;-;68.78;52.58;53.07;63.28;63.48;46.91;60.85;-;52.29;64.43;56.78;-;65.03;61.60;63.59
Nov 19, 2018;Nov 26, 2018;60.59;-;105.47;58.21;59.42;85.36;65.89;49.88;71.97;-;58.97;75.61;65.23;-;75.33;73.12;72.37
Nov 26, 2018;Dec 3, 2018;55.30;-;71.28;52.40;53.91;65.28;62.19;52.17;62.38;-;54.19;65.49;61.11;-;69.25;64.49;68.48
Dec 3, 2018;Dec 10, 2018;38.94;-;54.57;39.52;42.04;47.57;56.62;48.00;54.85;-;47.14;55.55;51.00;-;63.00;65.03;72.65
Dec 10, 2018;Dec 17, 2018;57.57;-;67.82;51.90;56.90;64.01;64.57;53.96;63.06;-;55.97;65.05;59.95;-;67.71;66.03;67.59
Dec 17, 2018;Dec 24, 2018;52.98;-;58.81;55.11;56.31;56.63;60.21;55.60;59.80;-;56.24;60.87;56.84;-;68.10;65.84;68.93
Dec 24, 2018;Dec 31, 2018;44.85;-;58.62;42.41;43.22;52.20;58.83;51.49;48.83;-;48.88;50.17;39.57;-;59.15;55.14;51.82
Dec 31, 2018;Jan 7, 2019;40.09;-;60.57;38.84;39.08;56.47;57.42;51.40;46.60;-;46.27;57.07;43.94;-;59.26;55.93;60.12
Jan 7, 2019;Jan 14, 2019;42.83;-;56.17;44.62;47.66;58.96;54.21;51.50;54.60;-;52.30;60.89;55.40;-;69.44;67.75;74.37
Jan 14, 2019;Jan 21, 2019;48.16;-;57.84;50.87;51.43;61.99;56.12;54.04;53.76;-;52.96;62.69;52.84;-;68.76;75.49;83.55
Jan 21, 2019;Jan 28, 2019;63.54;-;66.81;62.98;63.94;67.18;64.88;63.88;66.59;-;64.79;67.53;65.40;-;72.09;76.74;77.58
Jan 28, 2019;Feb 4, 2019;53.70;-;57.39;54.43;55.86;56.62;56.31;54.64;56.41;-;55.96;58.52;56.22;-;63.19;59.19;58.85
Feb 4, 2019;Feb 11, 2019;38.59;-;48.00;39.63;41.75;47.15;47.99;50.32;47.74;-;50.11;52.65;45.28;-;60.23;50.71;50.45
Feb 11, 2019;Feb 18, 2019;42.72;-;48.79;42.39;43.94;47.32;47.71;45.35;44.59;-;45.17;48.34;44.54;-;54.99;48.38;48.87
Feb 18, 2019;Feb 25, 2019;43.41;-;45.05;42.68;43.17;44.99;43.77;43.12;44.90;-;42.73;46.01;44.38;-;56.48;48.36;48.49
Feb 25, 2019;Mar 4, 2019;38.69;-;41.45;38.97;42.04;39.23;44.03;42.61;39.16;-;42.22;40.61;40.10;-;55.03;47.90;47.16
Mar 4, 2019;Mar 11, 2019;22.90;-;39.49;28.49;31.00;31.52;43.21;43.71;29.42;-;41.35;35.64;28.70;-;55.16;39.57;40.11
Mar 11, 2019;Mar 18, 2019;24.10;-;33.16;31.79;33.89;28.44;39.65;42.89;27.39;-;41.59;31.07;27.51;-;55.47;34.94;34.56
Mar 18, 2019;Mar 25, 2019;38.31;-;40.58;38.14;38.85;39.32;40.03;41.16;38.86;-;38.92;38.96;38.16;-;53.18;39.78;39.11
Mar 25, 2019;Apr 1, 2019;36.45;-;37.59;35.75;36.56;36.01;37.82;39.78;36.55;-;35.01;37.21;36.55;-;50.91;41.80;42.73
Apr 1, 2019;Apr 8, 2019;39.24;-;40.30;39.21;40.03;40.02;40.55;39.78;39.42;-;38.58;39.27;38.95;-;56.31;46.60;46.10
Apr 8, 2019;Apr 15, 2019;42.50;-;43.19;43.07;43.36;43.77;42.88;44.12;42.77;-;43.86;44.00;43.00;-;58.86;52.31;54.17
Apr 15, 2019;Apr 22, 2019;37.86;-;38.58;42.11;42.60;39.07;40.13;43.30;39.49;-;42.85;40.02;38.12;-;51.91;45.61;46.12
Apr 22, 2019;Apr 29, 2019;26.48;-;28.12;30.66;32.57;28.22;39.10;38.60;27.76;-;34.86;30.19;30.04;-;46.93;38.17;39.84
Apr 29, 2019;May 6, 2019;37.16;-;38.27;35.90;36.09;37.55;40.83;39.38;37.39;-;33.52;37.78;36.75;-;52.07;38.63;40.71
May 6, 2019;May 13, 2019;40.19;-;41.24;39.20;40.44;39.94;43.93;43.02;40.43;-;36.35;40.30;38.43;-;53.64;45.16;44.98
May 13, 2019;May 20, 2019;39.47;-;39.44;40.47;41.63;39.20;39.71;40.43;39.46;-;40.08;39.68;40.91;-;50.76;42.96;43.49
May 20, 2019;May 27, 2019;38.44;-;38.09;38.79;39.13;37.82;38.93;37.49;38.49;-;39.31;38.32;38.66;-;45.88;39.61;41.12
May 27, 2019;Jun 3, 2019;32.02;-;30.47;32.06;32.37;29.07;34.89;35.10;31.82;-;27.42;32.29;32.57;-;42.24;36.80;36.67
Jun 3, 2019;Jun 10, 2019;24.02;-;9.43;29.34;29.64;27.09;35.14;29.24;33.87;-;23.81;31.41;28.75;-;42.36;37.55;36.73
Jun 10, 2019;Jun 17, 2019;37.41;-;35.65;35.05;35.79;32.80;38.10;30.39;37.21;-;28.87;34.47;36.78;-;42.39;39.41;40.16
Jun 17, 2019;Jun 24, 2019;36.11;-;32.64;36.22;36.32;29.33;37.69;30.96;35.71;-;28.45;33.46;36.85;-;46.28;42.12;45.10
Jun 24, 2019;Jul 1, 2019;34.41;-;33.22;32.01;34.05;29.52;36.46;29.60;34.16;-;31.45;29.69;35.88;-;50.92;44.86;47.53
Jul 1, 2019;Jul 8, 2019;32.09;-;31.66;28.17;28.66;30.83;33.54;28.33;32.21;-;28.11;29.93;37.68;-;55.01;55.65;57.74
Jul 8, 2019;Jul 15, 2019;39.79;-;38.42;39.56;39.60;37.91;39.87;34.60;39.77;-;36.18;37.11;40.25;-;48.70;48.46;50.66
Jul 15, 2019;Jul 22, 2019;40.81;-;39.88;41.19;41.27;39.50;40.74;37.46;41.47;-;39.94;40.34;44.33;-;46.23;48.91;52.06
Jul 22, 2019;Jul 29, 2019;43.26;-;42.33;43.17;43.35;43.68;42.91;37.68;44.02;-;41.94;43.21;45.10;-;52.97;52.31;56.50
Jul 29, 2019;Aug 5, 2019;42.63;-;36.66;43.77;43.79;36.66;40.84;39.42;42.78;-;42.74;38.94;41.84;-;46.51;46.54;60.97
Aug 5, 2019;Aug 12, 2019;32.77;-;29.44;33.65;38.87;30.12;35.79;36.68;36.50;-;38.13;31.99;38.37;-;45.55;48.48;54.00
Aug 12, 2019;Aug 19, 2019;34.02;-;28.93;35.55;36.58;28.59;34.57;33.59;33.82;-;35.76;29.27;35.10;-;38.48;52.41;51.33
Aug 19, 2019;Aug 26, 2019;36.07;-;33.37;37.04;37.67;32.02;35.85;33.00;36.29;-;36.82;32.32;39.83;-;41.36;48.03;52.07
Aug 26, 2019;Sep 2, 2019;41.79;-;40.07;41.89;42.44;39.67;41.30;32.22;41.80;-;41.47;38.88;44.28;-;56.73;76.38;75.89
Sep 2, 2019;Sep 9, 2019;35.08;-;31.91;34.79;37.61;33.78;34.91;30.73;35.44;-;37.47;34.35;38.25;-;49.08;63.98;63.06
Sep 9, 2019;Sep 16, 2019;36.14;-;35.83;34.00;35.93;35.75;37.15;28.92;37.26;-;34.13;35.97;37.85;-;46.13;47.44;49.80
Sep 16, 2019;Sep 23, 2019;38.32;-;36.39;36.08;37.96;38.32;37.91;28.65;40.93;-;37.46;40.37;41.15;-;52.03;51.65;51.66
Sep 23, 2019;Sep 30, 2019;36.21;-;30.92;38.29;39.06;34.94;37.18;31.56;39.13;-;38.26;39.84;43.62;-;55.13;57.50;58.58
Sep 30, 2019;Oct 7, 2019;36.88;-;36.61;37.94;40.17;37.89;38.67;35.08;39.95;-;40.14;40.46;39.52;-;56.41;56.67;59.21
Oct 7, 2019;Oct 14, 2019;30.43;-;32.20;31.90;42.22;33.14;33.29;36.22;33.36;-;43.67;36.88;35.87;-;54.88;59.13;56.79
Oct 14, 2019;Oct 21, 2019;37.96;-;38.00;40.40;41.54;39.08;37.99;35.81;38.90;-;42.11;40.10;38.51;-;54.63;56.39;59.37
Oct 21, 2019;Oct 28, 2019;35.59;-;38.21;37.36;38.41;38.68;37.99;37.36;39.71;-;39.13;38.07;37.07;-;45.14;49.07;51.32
Oct 28, 2019;Nov 4, 2019;38.23;-;38.47;40.01;41.60;39.62;38.96;38.97;39.07;-;41.67;39.99;38.40;-;43.63;46.55;50.64
Nov 4, 2019;Nov 11, 2019;43.67;-;43.74;44.21;45.35;43.80;43.56;44.64;43.73;-;45.67;43.91;42.92;-;44.42;43.82;43.46
Nov 11, 2019;Nov 18, 2019;41.22;-;47.96;41.08;42.39;49.94;41.79;42.89;44.20;-;42.66;48.84;43.36;-;50.70;44.33;43.95
Nov 18, 2019;Nov 25, 2019;42.69;-;46.78;42.37;42.72;52.21;44.84;40.90;44.54;-;41.71;51.44;43.06;-;53.06;45.35;44.71
Nov 25, 2019;Dec 2, 2019;41.86;44.71;45.48;43.19;43.18;44.86;45.28;42.11;44.36;51.97;41.50;46.29;43.57;-;48.45;45.33;44.77
Dec 2, 2019;Dec 9, 2019;32.42;43.13;45.59;34.05;36.50;50.33;41.79;40.34;45.18;46.40;39.81;50.66;43.76;-;52.07;48.70;53.50
Dec 9, 2019;Dec 16, 2019;31.25;39.17;36.69;33.08;34.44;37.71;37.58;38.28;42.83;46.45;37.02;45.17;41.65;-;47.16;44.44;46.67
Dec 16, 2019;Dec 23, 2019;33.77;36.95;31.95;35.80;37.35;30.81;36.12;37.76;35.81;48.30;37.59;38.57;36.38;-;40.82;36.51;37.70
Dec 23, 2019;Dec 30, 2019;29.74;32.51;29.52;34.18;34.60;26.03;33.31;36.09;29.47;41.08;34.80;29.65;28.93;-;29.94;29.54;29.05
Dec 30, 2019;Jan 6, 2020;30.59;32.98;37.46;26.93;28.72;36.41;36.42;31.03;35.44;34.37;25.85;36.77;33.33;-;39.19;38.17;39.13
Jan 6, 2020;Jan 13, 2020;33.97;35.55;36.95;29.10;29.16;37.20;36.90;27.45;39.29;42.45;28.38;43.32;40.80;-;46.23;48.43;53.44
Jan 13, 2020;Jan 20, 2020;32.40;34.51;34.50;25.41;26.65;34.80;34.21;24.45;40.63;46.51;26.74;42.67;43.00;-;49.03;57.12;58.85
Jan 20, 2020;Jan 27, 2020;44.01;37.99;45.64;21.75;28.74;45.43;43.85;20.98;45.46;46.62;27.99;46.61;44.85;-;47.53;51.04;53.62
Jan 27, 2020;Feb 3, 2020;25.92;30.21;30.72;17.99;18.67;30.31;32.18;19.41;38.04;44.60;19.63;39.82;40.91;-;42.68;48.26;49.70
Feb 3, 2020;Feb 10, 2020;27.85;28.82;30.85;21.47;21.74;29.37;31.02;16.03;31.73;44.52;20.00;36.27;34.03;-;39.72;40.72;41.90
Feb 10, 2020;Feb 17, 2020;17.82;24.33;26.69;15.29;16.74;23.52;27.90;12.18;26.38;42.15;16.32;33.22;27.23;-;38.63;38.97;39.94
Feb 17, 2020;Feb 24, 2020;18.50;23.24;28.04;11.79;13.51;26.56;28.51;9.56;26.82;36.75;13.51;32.38;28.16;-;38.45;39.24;39.52
Feb 24, 2020;Mar 2, 2020;24.26;27.04;28.36;22.09;24.46;26.11;29.57;9.92;29.77;39.63;24.40;32.67;30.43;-;36.45;36.44;36.41
Mar 2, 2020;Mar 9, 2020;31.68;30.47;31.60;29.80;29.93;31.43;32.07;10.17;32.05;45.40;26.34;33.60;32.84;-;37.18;34.17;34.82
Mar 9, 2020;Mar 16, 2020;20.96;23.39;27.30;14.89;16.52;26.66;27.44;8.68;26.31;38.88;13.36;29.73;27.54;-;35.91;32.94;32.31
Mar 16, 2020;Mar 23, 2020;21.34;20.26;21.01;16.23;16.53;21.29;22.45;7.34;22.16;33.93;15.67;23.68;22.56;-;28.07;26.47;26.90
Mar 23, 2020;Mar 30, 2020;17.61;16.98;17.10;13.79;17.32;17.64;17.72;6.30;18.21;31.49;9.25;18.34;19.58;-;26.06;24.95;24.90
Mar 30, 2020;Apr 6, 2020;19.59;17.58;19.44;11.49;16.08;19.11;20.45;4.87;20.55;30.78;8.68;20.07;21.89;-;25.05;25.08;26.06
Apr 6, 2020;Apr 13, 2020;21.05;18.49;17.83;17.76;20.76;14.43;20.93;4.54;20.93;34.20;12.46;18.51;21.08;-;24.66;24.06;24.98
Apr 13, 2020;Apr 20, 2020;14.98;14.38;11.83;11.21;15.04;9.91;17.02;4.42;15.05;29.66;13.25;14.70;16.13;-;23.33;21.09;22.52
Apr 20, 2020;Apr 27, 2020;11.19;15.92;9.98;14.83;16.14;11.98;17.19;4.90;15.55;36.60;16.01;14.71;17.26;-;25.58;24.91;28.56
Apr 27, 2020;May 4, 2020;18.10;17.67;15.36;17.11;17.87;12.56;18.58;5.42;17.98;35.57;17.58;17.52;18.77;-;20.28;21.26;22.99
May 4, 2020;May 11, 2020;21.68;19.77;18.98;17.80;21.26;17.68;19.99;7.42;21.48;38.27;12.22;20.59;21.77;-;24.28;25.28;26.48
May 11, 2020;May 18, 2020;19.48;18.86;17.36;14.83;19.02;16.79;18.75;11.23;19.29;36.82;15.10;18.52;19.73;-;21.89;20.95;22.86
May 18, 2020;May 25, 2020;14.00;16.22;11.39;15.25;18.11;12.87;15.85;8.31;14.34;40.00;13.94;13.78;14.57;-;19.20;19.88;24.35
May 25, 2020;Jun 1, 2020;18.04;18.30;15.60;18.58;21.19;14.39;17.68;2.39;17.78;41.26;16.33;17.04;19.03;-;22.14;21.65;23.27
Jun 1, 2020;Jun 8, 2020;19.78;19.79;17.90;20.51;21.76;17.09;19.66;1.59;19.92;43.47;19.52;17.36;18.92;-;21.55;24.11;26.19
Jun 8, 2020;Jun 15, 2020;26.08;24.21;25.49;24.79;26.23;24.83;26.42;1.57;26.04;45.47;13.12;25.57;26.73;-;25.06;26.67;31.89
Jun 15, 2020;Jun 22, 2020;29.66;28.16;29.27;30.61;31.47;28.99;29.60;1.47;29.58;49.50;21.11;28.35;29.78;-;28.58;29.61;31.03
Jun 22, 2020;Jun 29, 2020;30.15;32.21;29.78;31.24;42.68;30.51;29.85;1.29;30.21;54.04;44.64;30.32;29.71;-;31.56;30.18;29.93
Jun 29, 2020;Jul 6, 2020;21.73;24.62;25.22;19.14;21.69;28.47;24.95;1.18;26.35;49.37;19.75;27.76;26.89;-;32.36;30.47;34.79
Jul 6, 2020;Jul 13, 2020;31.40;28.32;31.47;21.71;22.20;33.90;31.34;1.37;32.96;48.71;20.05;33.61;34.25;-;34.81;34.14;35.02
Jul 13, 2020;Jul 20, 2020;35.92;33.28;34.81;35.23;35.42;35.03;35.07;1.54;35.87;48.63;32.75;35.09;36.68;-;35.53;36.05;37.05
Jul 20, 2020;Jul 27, 2020;29.14;28.04;27.01;25.94;27.10;32.86;26.89;1.52;31.20;49.53;23.35;32.22;30.83;-;33.91;33.63;34.34
Jul 27, 2020;Aug 3, 2020;29.55;27.17;28.33;20.23;21.92;35.52;25.82;1.25;32.97;48.90;18.27;33.78;31.93;-;40.87;39.59;40.76
Aug 3, 2020;Aug 10, 2020;33.22;32.03;32.65;32.89;33.36;34.70;31.79;1.29;33.58;52.16;32.87;33.83;33.25;-;36.32;34.63;34.61
Aug 10, 2020;Aug 17, 2020;35.59;34.65;37.28;35.57;40.09;36.65;33.24;2.46;35.82;50.32;39.70;35.14;34.91;-;36.76;36.22;37.24
Aug 17, 2020;Aug 24, 2020;33.01;35.14;33.30;32.03;47.61;33.89;33.23;3.88;34.34;54.71;47.53;33.61;32.43;-;35.98;35.52;35.76
Aug 24, 2020;Aug 31, 2020;36.79;37.93;38.78;36.99;44.34;41.04;37.47;7.15;39.44;52.34;43.66;38.84;37.21;-;42.40;43.54;41.56
Aug 31, 2020;Sep 7, 2020;42.97;42.05;43.88;42.80;43.95;45.09;43.03;15.84;43.49;53.86;43.18;43.92;43.54;-;45.38;44.22;44.16
Sep 7, 2020;Sep 14, 2020;37.85;38.04;41.76;32.80;35.16;45.69;39.22;11.72;41.90;51.24;34.83;43.41;40.67;-;47.17;43.85;42.63
Sep 14, 2020;Sep 21, 2020;48.47;44.89;47.50;46.85;47.25;51.32;46.80;9.69;49.98;55.05;42.28;48.99;48.08;-;50.90;49.60;48.37
Sep 21, 2020;Sep 28, 2020;43.36;36.25;41.74;28.77;29.15;45.51;39.19;5.12;45.25;53.92;20.05;45.05;45.02;-;46.75;44.80;45.69
Sep 28, 2020;Oct 5, 2020;36.63;35.56;43.22;29.81;31.11;41.02;41.57;2.68;38.03;53.57;29.57;41.25;39.31;-;41.61;39.29;39.72
Oct 5, 2020;Oct 12, 2020;33.77;33.23;37.92;28.19;28.60;36.16;36.40;9.52;34.71;54.20;28.51;35.26;36.09;-;37.48;36.19;37.62
Oct 12, 2020;Oct 19, 2020;41.00;39.67;45.68;34.47;35.22;44.34;40.57;19.76;42.05;52.40;34.70;44.48;42.73;-;45.92;44.13;44.00
Oct 19, 2020;Oct 26, 2020;33.25;33.47;37.64;25.27;25.99;37.41;37.41;17.36;35.48;51.33;25.68;39.43;35.17;-;44.88;42.01;42.89
Oct 26, 2020;Nov 2, 2020;30.52;29.12;35.17;18.72;20.49;33.75;34.55;10.50;31.83;49.98;18.81;33.92;32.59;-;42.52;34.07;35.27
Nov 2, 2020;Nov 9, 2020;35.89;30.49;36.65;18.17;21.33;36.41;37.21;4.51;36.71;53.88;18.15;36.50;35.86;-;41.59;39.60;39.23
Nov 9, 2020;Nov 16, 2020;37.65;38.52;38.20;35.32;47.60;37.33;40.41;5.40;38.70;55.83;46.35;39.08;39.54;-;48.06;48.32;49.52
Nov 16, 2020;Nov 23, 2020;33.38;31.63;37.27;7.55;28.47;37.84;37.49;1.22;39.25;48.31;28.47;40.05;41.96;-;45.90;46.10;47.32
Nov 23, 2020;Nov 30, 2020;49.42;43.86;48.96;33.75;42.76;50.05;49.46;6.05;51.00;56.56;42.44;50.82;50.62;-;55.26;55.71;62.42
Nov 30, 2020;Dec 7, 2020;51.26;49.93;51.39;41.91;52.64;55.13;51.81;16.81;55.77;59.13;48.83;56.17;59.66;-;59.04;58.85;61.84
Dec 7, 2020;Dec 14, 2020;54.99;53.03;59.41;45.84;47.63;59.58;57.47;25.25;57.20;62.88;46.62;61.37;60.10;-;59.72;58.60;62.96
Dec 14, 2020;Dec 21, 2020;43.30;44.12;45.15;28.99;38.62;47.88;43.21;20.44;51.81;64.38;37.84;52.42;54.57;-;57.35;62.93;68.95
Dec 21, 2020;Dec 28, 2020;25.05;31.59;33.29;18.16;23.02;32.36;40.25;16.14;39.25;46.42;22.30;38.72;37.58;-;42.41;42.83;47.88
Dec 28, 2020;Jan 4, 2021;45.25;43.23;48.17;42.35;42.46;48.13;49.54;23.92;46.34;45.39;37.04;49.05;43.17;-;48.32;43.70;42.70
Jan 4, 2021;Jan 11, 2021;59.54;58.44;66.09;53.82;54.14;68.24;56.47;52.85;61.51;54.59;53.69;63.42;58.00;-;64.01;58.72;56.78
Jan 11, 2021;Jan 18, 2021;55.72;59.42;64.02;54.15;54.90;66.45;58.04;54.08;61.04;57.87;54.76;68.19;60.12;-;68.88;64.29;62.02
Jan 18, 2021;Jan 25, 2021;44.38;49.55;49.43;41.58;42.12;53.03;48.80;40.56;57.82;55.85;41.22;57.61;57.09;-;60.99;59.32;58.47
Jan 25, 2021;Feb 1, 2021;54.56;55.05;54.63;54.59;55.66;54.82;52.96;54.46;55.14;56.40;55.45;56.91;54.55;-;57.41;55.16;53.92
Feb 1, 2021;Feb 8, 2021;45.11;50.57;45.60;45.17;61.50;45.08;48.60;48.56;45.93;55.03;61.50;52.41;46.84;-;55.93;46.25;46.68
Feb 8, 2021;Feb 15, 2021;60.08;62.10;59.85;60.01;68.12;61.83;58.76;61.08;60.48;62.50;68.12;62.37;59.99;-;62.51;58.27;59.12
Feb 15, 2021;Feb 22, 2021;44.70;48.51;44.76;44.63;48.86;45.20;44.65;45.00;48.29;62.87;48.82;50.88;49.67;-;57.44;49.65;50.84
Feb 22, 2021;Mar 1, 2021;44.92;43.82;44.05;39.24;39.72;43.94;44.92;35.08;46.84;55.14;37.12;49.82;46.17;-;54.23;47.33;46.77
Mar 1, 2021;Mar 8, 2021;50.34;49.50;50.00;47.99;47.51;50.77;49.52;41.05;51.13;57.86;45.60;52.90;50.12;-;57.92;52.71;50.73
Mar 8, 2021;Mar 15, 2021;35.82;45.65;34.58;36.08;43.20;43.24;44.76;42.92;51.68;57.05;43.04;52.96;52.62;-;57.72;57.54;56.29
Mar 15, 2021;Mar 22, 2021;53.00;53.50;53.23;50.97;50.77;53.60;54.01;43.47;54.74;63.19;50.48;59.25;54.84;-;61.70;55.82;55.42
Mar 22, 2021;Mar 29, 2021;47.53;50.34;47.22;45.51;46.87;52.13;46.83;39.73;56.24;61.10;43.62;58.32;56.20;-;62.46;57.32;57.16
Mar 29, 2021;Apr 5, 2021;44.47;44.08;43.96;39.23;38.55;45.26;44.90;36.01;47.60;54.11;33.80;50.61;50.87;-;57.48;49.87;51.47
Apr 5, 2021;Apr 12, 2021;41.10;45.18;48.50;33.61;35.07;59.67;45.91;35.53;49.56;52.24;32.49;56.50;47.91;-;63.42;58.39;55.89
Apr 12, 2021;Apr 19, 2021;63.37;62.65;66.75;57.29;56.23;72.97;60.10;50.23;69.69;62.69;49.64;74.33;69.24;-;74.81;71.51;70.45
Apr 19, 2021;Apr 26, 2021;58.48;58.03;60.68;51.57;51.33;66.76;58.19;44.52;65.59;62.31;42.29;68.11;66.96;-;74.14;70.95;68.24
Apr 26, 2021;May 3, 2021;58.89;59.88;60.56;57.90;57.29;63.25;57.83;53.42;63.02;64.30;55.05;63.90;62.19;-;67.37;64.25;62.68
May 3, 2021;May 10, 2021;45.02;50.81;48.93;45.93;48.65;52.24;48.81;53.42;47.75;59.98;48.86;52.41;51.97;-;71.53;53.55;52.15
May 10, 2021;May 17, 2021;61.85;59.03;61.90;61.65;60.27;60.17;62.34;49.38;61.66;68.46;39.89;60.64;63.00;-;67.60;63.78;63.00
May 17, 2021;May 24, 2021;48.72;52.88;53.33;50.24;51.78;51.46;54.75;42.26;52.65;67.48;42.25;54.44;61.01;-;71.24;62.16;63.61
May 24, 2021;May 31, 2021;56.68;58.64;57.88;58.25;59.17;56.58;58.10;47.19;56.80;67.88;57.92;63.22;62.04;-;72.61;61.75;62.15
May 31, 2021;Jun 7, 2021;65.45;64.47;66.50;64.18;63.95;65.57;67.71;54.70;65.55;69.10;62.47;64.94;64.53;-;69.36;65.47;64.53
Jun 7, 2021;Jun 14, 2021;63.79;64.48;66.65;63.55;63.99;65.36;70.98;49.46;63.88;70.35;63.07;65.57;66.39;-;76.14;67.36;69.25
Jun 14, 2021;Jun 21, 2021;75.43;73.72;76.94;75.39;74.25;76.92;76.90;51.14;76.15;77.87;73.31;75.96;76.13;-;82.23;78.38;76.24
Jun 21, 2021;Jun 28, 2021;83.49;80.16;79.92;83.49;83.72;78.41;82.87;57.62;83.46;82.48;83.63;80.89;85.32;-;91.20;90.16;89.05
Jun 28, 2021;Jul 5, 2021;89.33;86.09;88.73;89.26;89.49;87.94;89.17;60.08;89.51;85.52;88.84;87.90;90.56;-;102.41;97.39;96.58
Jul 5, 2021;Jul 12, 2021;90.33;84.77;86.27;89.70;90.33;87.94;87.24;58.25;91.61;86.65;74.40;88.31;91.74;-;97.92;93.29;92.90
Jul 12, 2021;Jul 19, 2021;79.72;75.92;76.26;77.76;79.80;74.94;79.68;56.67;80.40;81.39;66.85;78.66;82.71;-;95.95;88.95;97.22
Jul 19, 2021;Jul 26, 2021;83.39;78.60;83.47;80.46;83.19;83.58;84.61;59.43;83.97;81.52;57.03;83.32;83.96;-;99.32;89.89;86.19
Jul 26, 2021;Aug 2, 2021;64.92;65.78;54.42;64.13;65.29;58.13;75.59;54.47;72.32;75.79;61.32;66.76;75.37;-;104.32;98.14;103.49
Aug 2, 2021;Aug 9, 2021;72.58;70.06;61.79;73.73;75.52;58.77;73.60;57.28;71.34;78.61;75.25;69.39;75.39;-;97.98;99.48;113.17
Aug 9, 2021;Aug 16, 2021;83.70;82.16;81.98;83.64;84.76;81.78;85.44;68.47;84.61;80.81;84.47;82.26;85.51;-;107.50;120.18;114.45
Aug 16, 2021;Aug 23, 2021;80.99;82.29;82.11;82.09;83.63;79.58;89.77;73.10;81.73;83.17;83.18;81.60;85.25;-;106.42;101.57;104.17
Aug 23, 2021;Aug 30, 2021;89.65;88.41;86.98;88.17;90.50;84.33;91.62;81.51;89.96;87.11;88.90;92.94;90.49;-;110.15;103.18;107.93
Aug 30, 2021;Sep 6, 2021;108.82;106.85;112.16;108.68;108.45;106.14;111.44;100.16;108.54;94.57;107.55;109.82;107.77;-;129.56;114.72;110.61
Sep 6, 2021;Sep 13, 2021;126.19;122.06;129.22;126.16;126.09;125.40;129.76;106.70;127.03;96.92;123.14;126.50;125.78;-;138.84;128.17;126.23
Sep 13, 2021;Sep 20, 2021;142.36;137.31;147.46;140.43;138.13;145.32;146.34;111.31;145.15;108.67;134.75;150.71;142.17;-;162.84;147.75;144.61
Sep 20, 2021;Sep 27, 2021;126.00;128.57;146.94;120.57;116.69;144.88;148.08;107.97;138.62;102.26;112.00;143.50;132.76;-;172.65;146.40;140.57
Sep 27, 2021;Oct 4, 2021;112.79;113.72;116.70;102.72;94.80;132.88;128.78;90.39;130.79;97.13;88.54;153.05;115.17;-;201.16;163.77;141.21
Oct 4, 2021;Oct 11, 2021;184.60;168.17;186.72;180.64;181.25;190.32;186.93;113.05;191.97;116.72;129.97;192.59;179.68;-;224.75;196.78;199.34
Oct 11, 2021;Oct 18, 2021;158.13;149.65;192.89;127.06;103.27;190.73;185.76;107.45;182.15;112.38;86.12;197.82;160.49;-;212.97;200.63;201.76
Oct 18, 2021;Oct 25, 2021;110.78;131.73;154.09;100.31;90.42;171.76;154.09;104.11;169.25;90.33;79.96;217.37;117.29;-;228.58;224.29;221.72
Oct 25, 2021;Nov 1, 2021;129.26;126.23;160.67;79.61;75.44;166.92;149.93;82.37;166.22;102.45;67.41;209.02;128.45;-;212.14;202.62;198.65
Nov 1, 2021;Nov 8, 2021;133.87;129.75;159.57;115.27;101.71;164.42;153.78;85.65;166.67;87.77;63.87;191.87;136.68;-;190.91;177.73;178.91
Nov 8, 2021;Nov 15, 2021;171.47;157.88;185.17;146.03;144.80;192.74;174.17;95.43;186.33;122.83;119.87;198.97;170.35;-;203.04;196.51;200.86
Nov 15, 2021;Nov 22, 2021;167.52;162.40;213.42;123.77;104.65;231.30;198.80;91.40;214.98;110.77;94.86;232.32;170.13;-;236.10;231.04;228.80
Nov 22, 2021;Nov 29, 2021;226.39;200.66;239.90;167.05;172.25;259.93;209.66;128.44;245.86;149.35;138.26;266.34;230.21;-;258.18;249.86;248.88
Nov 29, 2021;Dec 6, 2021;168.54;198.90;220.71;158.92;171.98;267.62;200.82;156.18;232.72;135.90;170.67;271.32;201.03;-;269.92;233.07;225.88
Dec 6, 2021;Dec 13, 2021;229.11;226.11;236.53;205.52;230.15;260.51;220.53;148.63;244.02;213.57;227.68;264.41;235.61;-;261.54;243.51;238.41
Dec 13, 2021;Dec 20, 2021;273.90;240.11;307.23;170.20;149.85;332.79;292.95;157.52;299.53;188.50;140.84;331.04;270.80;-;331.56;300.55;294.71
Dec 20, 2021;Dec 27, 2021;292.54;290.46;319.39;284.07;279.69;345.34;312.39;254.69;309.36;209.63;253.68;345.89;280.96;-;344.68;307.68;295.64
Dec 27, 2021;Jan 3, 2022;89.14;110.05;90.89;95.13;94.91;111.47;110.01;144.26;111.99;103.79;94.87;143.95;109.25;-;190.09;123.31;126.65
Jan 3, 2022;Jan 10, 2022;144.52;153.90;159.45;135.84;132.68;171.79;173.02;148.93;157.67;134.48;131.60;197.95;149.46;-;208.28;172.70;163.34
Jan 10, 2022;Jan 17, 2022;208.33;186.46;228.89;128.87;132.51;234.68;216.37;146.34;221.70;175.05;120.16;238.99;207.47;-;234.89;228.17;228.67
Jan 17, 2022;Jan 24, 2022;169.11;164.94;199.77;114.08;107.13;226.63;186.60;138.93;195.43;134.58;102.82;224.05;184.36;-;225.23;213.28;210.83
Jan 24, 2022;Jan 31, 2022;174.39;169.13;211.14;97.63;74.76;253.26;211.89;130.00;212.93;141.17;69.46;252.74;205.41;-;257.69;250.50;247.49
Jan 31, 2022;Feb 7, 2022;136.18;156.77;160.68;121.45;120.57;194.58;167.64;134.34;183.78;146.01;107.94;217.71;169.73;-;224.41;219.38;220.03
Feb 7, 2022;Feb 14, 2022;141.77;144.32;170.15;115.90;102.58;195.77;167.18;118.87;173.13;120.05;55.24;205.47;163.18;-;208.46;196.00;190.02
Feb 14, 2022;Feb 21, 2022;95.40;119.28;129.37;83.66;61.27;147.84;149.70;106.33;146.97;97.43;61.40;194.02;134.09;-;198.54;170.77;178.54
Feb 21, 2022;Feb 28, 2022;139.99;152.67;187.89;132.37;119.06;198.65;185.65;122.39;161.35;112.39;95.29;214.84;149.47;-;217.76;190.97;181.59
Feb 28, 2022;Mar 7, 2022;301.52;267.29;306.53;295.18;291.89;317.83;294.26;169.05;314.51;150.45;172.20;322.76;305.51;-;328.37;322.54;315.08
Mar 7, 2022;Mar 14, 2022;277.55;281.17;312.23;262.80;255.42;369.17;312.52;211.42;367.35;137.90;157.33;403.99;302.76;-;412.71;390.23;373.89
Mar 14, 2022;Mar 21, 2022;208.80;206.09;228.17;187.32;182.44;256.80;224.28;185.93;234.64;145.83;134.50;269.24;217.84;-;272.10;250.26;247.78
Mar 21, 2022;Mar 28, 2022;221.74;202.12;219.52;211.00;198.08;241.02;219.77;189.02;230.45;134.63;117.41;240.70;221.71;-;243.58;231.72;227.89
Mar 28, 2022;Apr 4, 2022;207.34;209.18;243.08;186.09;173.50;288.48;231.88;196.04;224.19;125.71;136.29;290.88;204.89;-;288.41;223.93;209.63
Apr 4, 2022;Apr 11, 2022;101.31;154.43;164.17;93.81;67.38;294.47;205.23;171.85;156.65;92.42;60.22;264.20;128.34;-;274.28;171.80;168.13
Apr 11, 2022;Apr 18, 2022;187.06;175.76;194.09;183.34;172.41;199.85;195.30;180.22;190.91;128.96;98.65;202.90;186.68;-;229.83;194.73;191.97
Apr 18, 2022;Apr 25, 2022;158.62;154.16;149.70;160.79;156.97;181.69;151.68;167.63;174.71;124.36;81.35;176.73;170.12;-;229.61;181.47;186.78
Apr 25, 2022;May 2, 2022;219.76;210.55;217.87;218.31;219.37;220.35;216.98;202.51;220.25;156.16;202.35;221.96;219.99;-;237.46;221.97;220.25
May 2, 2022;May 9, 2022;214.51;202.82;213.24;212.66;208.19;215.40;213.39;207.64;214.91;140.02;174.91;215.91;214.71;-;241.11;217.54;215.42
May 9, 2022;May 16, 2022;171.30;160.07;167.93;162.24;135.89;192.75;168.45;162.57;185.21;123.94;81.97;196.60;183.17;-;230.75;201.22;209.05
May 16, 2022;May 23, 2022;190.53;184.88;189.78;188.91;184.75;203.90;194.80;171.34;193.35;152.74;162.09;199.76;192.26;-;229.44;199.56;201.00
May 23, 2022;May 30, 2022;119.49;130.81;121.43;107.15;101.38;172.03;136.81;104.54;133.40;137.29;97.91;170.33;156.68;-;217.68;184.01;190.13
May 30, 2022;Jun 6, 2022;189.85;182.02;183.61;185.73;187.19;196.25;184.78;164.22;192.84;168.41;146.24;199.90;193.10;-;228.07;207.79;199.47
Jun 6, 2022;Jun 13, 2022;155.49;156.38;144.49;154.32;154.86;177.64;148.25;140.67;160.08;170.82;114.84;183.23;170.99;-;207.41;182.75;185.80
Jun 13, 2022;Jun 20, 2022;197.12;195.54;210.94;191.70;189.34;238.58;199.83;173.20;202.78;162.92;132.66;250.64;198.32;-;262.39;221.00;212.09
Jun 20, 2022;Jun 27, 2022;270.11;261.43;278.16;265.39;260.61;314.83;258.20;212.83;288.21;195.16;205.64;322.28;274.46;-;333.90;303.22;284.61
Jun 27, 2022;Jul 4, 2022;288.94;284.15;290.96;287.65;288.38;317.52;278.20;221.45;313.23;241.67;265.21;324.09;297.34;-;362.25;323.37;313.69
Jul 4, 2022;Jul 11, 2022;241.18;245.24;294.50;196.74;174.45;354.26;260.92;186.83;279.84;230.36;124.08;363.57;232.13;-;397.35;303.02;293.57
Jul 11, 2022;Jul 18, 2022;313.77;270.57;329.44;263.39;173.34;372.55;308.41;244.01;351.99;168.53;83.24;371.40;309.96;-;425.92;361.00;348.18
Jul 18, 2022;Jul 25, 2022;355.09;329.90;335.92;332.45;294.28;475.48;328.25;302.35;414.23;250.15;132.90;401.48;361.41;-;511.38;424.38;419.16
Jul 25, 2022;Aug 1, 2022;380.19;334.79;356.07;321.97;287.68;455.16;355.27;323.55;427.68;231.57;85.90;435.38;402.51;-;507.36;451.50;465.35
Aug 1, 2022;Aug 8, 2022;353.31;304.02;327.75;316.04;290.44;403.80;326.49;311.35;382.37;186.73;37.44;396.02;365.74;-;504.81;384.17;386.96
Aug 8, 2022;Aug 15, 2022;364.66;350.50;360.05;364.59;364.50;375.27;359.24;356.32;385.07;229.97;317.52;366.22;376.75;-;457.99;385.77;385.44
Aug 15, 2022;Aug 22, 2022;481.47;449.43;461.94;481.47;479.01;486.17;463.69;454.84;489.73;313.76;344.52;487.66;480.97;-;505.78;490.74;490.17
Aug 22, 2022;Aug 29, 2022;585.92;552.02;582.03;585.91;585.91;611.61;577.27;565.42;620.79;336.87;393.36;611.17;601.87;-;652.19;619.00;620.72
Aug 29, 2022;Sep 5, 2022;492.44;480.62;471.71;492.89;474.92;574.42;467.00;515.04;566.86;248.80;383.19;576.89;515.10;-;601.71;567.26;564.49
Sep 5, 2022;Sep 12, 2022;403.17;379.12;403.00;399.79;356.77;432.13;401.06;407.84;437.03;160.52;312.70;436.91;422.55;-;468.65;443.35;446.71
Sep 12, 2022;Sep 19, 2022;281.93;286.53;305.82;272.57;268.87;369.12;288.85;323.24;361.37;137.34;123.65;385.81;315.15;-;427.40;367.12;359.12
Sep 19, 2022;Sep 26, 2022;341.27;321.19;333.99;341.27;341.27;358.36;331.42;339.45;344.75;189.24;246.37;363.22;343.78;-;387.04;359.44;351.29
Sep 26, 2022;Oct 3, 2022;267.50;257.22;264.04;265.67;267.51;307.42;274.74;243.37;300.84;170.87;106.25;336.70;292.02;-;354.24;319.31;320.64
Oct 3, 2022;Oct 10, 2022;159.37;156.36;184.15;98.73;102.44;245.38;178.84;93.23;203.41;122.06;59.64;245.32;186.68;-;290.04;241.96;231.92
Oct 10, 2022;Oct 17, 2022;210.73;190.14;214.49;205.99;200.52;224.31;207.36;168.81;224.40;146.45;62.58;222.70;213.88;-;257.00;239.39;235.92
Oct 17, 2022;Oct 24, 2022;149.07;143.00;137.46;146.16;148.85;148.90;135.59;139.61;159.16;144.40;96.55;156.47;159.90;-;180.60;173.90;170.58
Oct 24, 2022;Oct 31, 2022;107.94;107.01;99.97;107.17;105.22;107.74;101.41;104.28;122.08;130.77;67.83;105.41;125.19;-;129.60;143.12;145.06
Oct 31, 2022;Nov 7, 2022;107.28;110.18;113.85;84.90;93.22;129.73;112.22;73.71;142.31;123.72;67.70;139.78;130.84;-;139.13;153.94;155.46
Nov 7, 2022;Nov 14, 2022;123.96;114.77;120.13;77.16;83.33;139.29;121.99;27.73;174.41;142.07;33.05;176.72;166.62;-;197.80;196.73;198.91
Nov 14, 2022;Nov 21, 2022;165.95;166.24;185.25;115.75;125.20;196.58;180.89;85.84;229.39;180.45;109.25;232.10;187.99;-;240.19;235.02;233.66
Nov 21, 2022;Nov 28, 2022;216.70;216.74;219.75;206.82;206.42;221.85;218.36;171.39;232.73;216.80;206.02;256.96;227.02;-;261.21;236.13;235.05
Nov 28, 2022;Dec 5, 2022;334.42;321.21;351.76;313.88;313.07;354.20;341.99;296.38;344.84;209.64;312.60;355.55;339.39;-;357.15;345.59;349.33
Dec 5, 2022;Dec 12, 2022;361.79;352.76;390.71;356.85;358.21;398.57;358.07;339.67;367.45;208.49;357.21;392.64;352.52;-;379.59;379.24;362.68
Dec 12, 2022;Dec 19, 2022;369.90;357.16;387.56;366.00;367.18;386.77;370.12;358.01;372.00;206.78;364.05;390.49;359.76;-;382.91;373.74;363.34
Dec 19, 2022;Dec 26, 2022;169.82;174.92;174.02;169.91;166.27;172.25;177.58;178.43;181.94;159.14;164.68;205.49;174.44;-;217.14;179.50;179.98
Dec 26, 2022;Jan 2, 2023;31.50;52.64;45.18;36.23;34.35;45.48;56.47;109.01;45.72;80.84;36.50;50.50;38.71;-;194.28;48.97;56.09
Jan 2, 2023;Jan 9, 2023;101.63;113.48;108.18;101.58;96.74;110.03;111.50;116.63;133.92;118.68;94.53;135.52;121.01;-;179.79;132.84;143.13
Jan 9, 2023;Jan 16, 2023;73.21;101.65;84.60;74.60;72.55;84.74;97.91;93.46;135.57;123.33;71.67;162.87;116.86;-;169.88;133.33;143.82
Jan 16, 2023;Jan 23, 2023;147.21;145.95;166.84;143.90;121.22;166.46;146.51;136.62;151.86;144.80;113.21;169.63;144.34;-;175.94;161.35;143.89
Jan 23, 2023;Jan 30, 2023;170.27;158.73;176.30;151.91;134.51;175.64;165.42;136.39;173.13;163.94;117.19;180.02;171.61;-;181.21;172.85;175.90
Jan 30, 2023;Feb 6, 2023;114.39;126.74;144.52;107.95;97.09;150.74;129.69;107.36;145.03;119.72;94.59;158.22;139.24;-;166.30;148.75;153.69
Feb 6, 2023;Feb 13, 2023;142.72;136.96;157.86;123.70;98.85;163.14;149.65;106.10;158.17;148.86;83.59;164.52;152.16;-;170.94;158.77;159.44
Feb 13, 2023;Feb 20, 2023;126.87;125.89;136.16;119.26;95.53;140.24;129.32;104.49;145.24;137.21;84.28;151.86;141.18;-;157.56;148.96;152.10
Feb 20, 2023;Feb 27, 2023;113.72;116.67;133.36;103.83;82.63;141.85;124.12;95.46;129.78;127.51;80.02;143.13;121.67;-;154.60;128.22;125.40
Feb 27, 2023;Mar 6, 2023;136.23;135.33;144.08;131.66;125.85;154.98;133.97;111.18;143.88;139.26;113.15;151.47;139.10;-;161.63;146.15;143.87
Mar 6, 2023;Mar 13, 2023;119.05;122.52;127.19;116.89;113.60;131.07;122.21;115.11;125.49;127.26;113.29;134.48;121.16;-;140.52;125.08;125.12
Mar 13, 2023;Mar 20, 2023;93.66;96.19;100.16;87.86;74.40;100.03;98.86;94.75;107.03;112.78;56.92;119.76;105.58;-;141.30;108.38;107.45
Mar 20, 2023;Mar 27, 2023;76.25;83.55;80.94;72.60;61.13;81.07;79.52;82.40;92.84;112.06;55.61;108.00;92.84;-;127.61;91.89;93.51
Mar 27, 2023;Apr 3, 2023;89.16;93.28;94.99;88.49;79.36;92.16;88.65;97.18;94.10;114.46;75.22;109.03;92.49;-;136.83;93.73;93.84
Apr 3, 2023;Apr 10, 2023;120.39;118.27;125.79;119.29;115.50;125.16;122.85;108.92;120.63;129.76;87.01;125.74;120.30;-;151.57;121.99;122.00
Apr 10, 2023;Apr 17, 2023;94.54;95.60;98.74;91.24;79.54;101.92;88.46;87.68;106.97;127.96;42.52;118.03;108.57;-;135.15;106.79;107.24
Apr 17, 2023;Apr 24, 2023;98.78;98.78;103.77;93.37;75.65;107.51;96.59;94.75;102.81;122.20;65.26;119.43;105.28;-;138.59;106.67;107.77
Apr 24, 2023;May 1, 2023;100.48;96.24;104.86;91.10;73.04;102.66;95.17;96.60;100.89;114.26;71.04;107.90;101.14;-;120.37;100.79;101.89
May 1, 2023;May 8, 2023;93.07;89.65;93.55;86.18;77.42;90.33;94.57;89.76;92.36;99.32;76.25;93.13;93.32;-;113.86;93.76;93.66
May 8, 2023;May 15, 2023;95.13;85.78;94.69;89.13;58.91;91.38;93.60;77.99;94.48;95.35;55.61;96.29;96.16;-;118.12;97.77;99.45
May 15, 2023;May 22, 2023;74.43;74.71;72.41;66.47;63.91;69.75;71.58;59.15;75.35;115.44;63.69;84.94;79.16;-;103.47;79.67;84.43
May 22, 2023;May 29, 2023;73.32;72.13;71.14;62.28;66.75;68.04;62.40;55.28;74.80;110.44;66.39;77.49;78.46;-;92.89;78.32;80.14
May 29, 2023;Jun 5, 2023;63.07;63.91;58.95;59.64;62.71;58.86;58.68;55.02;64.61;93.41;60.98;62.03;68.08;-;83.15;69.55;70.81
Jun 5, 2023;Jun 12, 2023;79.56;76.62;78.51;78.12;70.76;75.82;74.21;68.14;78.90;92.20;70.38;76.29;79.46;-;93.30;79.06;79.82
Jun 12, 2023;Jun 19, 2023;104.97;105.08;104.43;104.65;104.73;103.42;103.04;91.85;105.35;125.78;104.47;102.47;105.66;-;109.40;105.17;106.17
Jun 19, 2023;Jun 26, 2023;107.29;108.37;105.68;106.86;106.98;103.97;106.54;96.96;107.14;145.32;96.23;108.28;108.07;-;119.39;106.39;109.50
Jun 26, 2023;Jul 3, 2023;78.94;83.27;81.35;69.88;80.50;78.75;70.32;73.33;85.51;121.26;77.75;83.10;94.23;-;115.54;88.25;90.96
Jul 3, 2023;Jul 10, 2023;84.26;83.52;86.75;72.43;70.16;87.25;82.94;72.63;95.14;111.51;51.05;91.68;97.15;-;116.20;99.22;100.15
Jul 10, 2023;Jul 17, 2023;78.57;77.70;72.35;72.04;70.62;78.12;71.81;59.27;88.24;119.85;47.49;86.47;88.38;-;113.02;91.15;95.49
Jul 17, 2023;Jul 24, 2023;84.90;75.05;78.37;65.51;62.83;80.69;78.45;54.53;89.36;120.13;22.57;84.62;88.45;-;114.07;99.89;109.02
Jul 24, 2023;Jul 31, 2023;84.03;76.40;79.83;68.16;67.74;82.23;79.08;62.32;85.05;119.42;26.69;83.77;86.10;-;102.20;89.66;94.57
Jul 31, 2023;Aug 7, 2023;72.99;66.90;64.30;65.00;66.49;63.13;71.56;57.23;70.88;99.05;33.31;72.06;72.87;-;100.60;75.89;79.57
Aug 7, 2023;Aug 14, 2023;66.83;59.26;79.39;44.99;44.37;80.84;66.41;35.72;63.01;86.44;7.97;79.96;62.78;-;95.99;63.61;68.25
Aug 14, 2023;Aug 21, 2023;100.43;88.32;93.07;93.53;94.06;90.77;97.06;70.17;97.53;104.23;38.58;94.82;97.65;-;104.19;94.89;96.64
Aug 21, 2023;Aug 28, 2023;121.78;111.25;119.10;121.05;121.09;117.54;117.50;80.33;123.87;129.49;54.10;118.66;120.98;-;136.25;129.62;138.77
Aug 28, 2023;Sep 4, 2023;106.74;99.43;101.40;104.82;104.87;98.17;102.93;78.56;105.73;117.22;70.99;103.13;105.89;-;113.32;107.82;115.91
Sep 4, 2023;Sep 11, 2023;100.52;92.87;98.32;100.31;100.39;93.78;99.44;74.62;99.64;106.72;50.34;98.15;99.84;-;108.33;98.94;99.54
Sep 11, 2023;Sep 18, 2023;115.10;103.84;105.51;111.97;113.04;97.01;112.44;69.37;112.97;115.09;88.46;102.59;113.83;-;123.81;113.47;114.05
Sep 18, 2023;Sep 25, 2023;79.66;64.42;72.64;46.38;47.80;68.42;77.44;15.64;87.79;106.46;10.95;87.01;88.09;-;118.26;92.89;94.05
Sep 25, 2023;Oct 2, 2023;106.06;83.17;97.86;76.00;76.62;92.59;103.21;29.94;104.38;110.71;20.26;98.45;104.89;-;116.86;103.15;104.22
Oct 2, 2023;Oct 9, 2023;74.20;63.53;77.51;43.33;43.25;78.76;82.61;21.10;89.86;76.67;5.97;95.32;84.48;-;118.90;92.20;94.29
Oct 9, 2023;Oct 16, 2023;77.92;71.71;83.64;44.58;42.31;84.00;84.01;27.83;104.50;85.99;20.82;119.91;91.17;-;145.47;113.69;115.61
Oct 16, 2023;Oct 23, 2023;94.45;78.19;86.70;59.56;51.54;82.97;92.34;44.03;102.41;106.58;26.21;108.76;98.94;-;149.28;105.09;105.86
Oct 23, 2023;Oct 30, 2023;101.45;91.60;95.62;82.74;79.82;88.95;99.89;69.90;103.16;113.31;66.77;103.65;103.82;-;129.66;107.44;109.08
Oct 30, 2023;Nov 6, 2023;61.69;59.00;60.09;56.32;50.98;56.90;66.77;59.30;63.96;72.38;35.40;63.51;63.36;-;91.62;66.53;69.73
Nov 6, 2023;Nov 13, 2023;92.51;87.59;93.61;89.61;75.78;91.55;95.54;83.79;94.53;90.96;54.92;100.33;92.89;-;122.46;96.35;97.75
Nov 13, 2023;Nov 20, 2023;90.20;93.08;87.11;91.48;92.30;83.48;90.54;91.97;93.24;105.25;89.74;106.25;92.51;-;126.91;95.31;99.16
Nov 20, 2023;Nov 27, 2023;96.50;96.19;101.84;87.52;77.43;99.69;103.97;91.90;100.19;102.35;74.62;119.28;99.33;-;132.21;102.36;108.94
Nov 27, 2023;Dec 4, 2023;131.82;131.83;132.44;131.40;131.96;132.37;131.97;129.90;131.49;129.37;130.42;138.13;130.65;-;138.51;132.34;132.43
Dec 4, 2023;Dec 11, 2023;101.47;106.23;98.49;101.39;114.26;97.53;99.15;103.39;106.33;115.49;113.39;112.34;106.77;-;123.28;107.61;112.63
Dec 11, 2023;Dec 18, 2023;85.70;85.69;83.73;82.47;77.52;82.75;85.33;83.24;89.96;97.13;76.94;93.74;89.78;-;110.40;92.05;96.96
Dec 18, 2023;Dec 25, 2023;41.65;47.70;45.49;39.99;33.50;45.08;51.17;51.73;50.11;57.51;32.38;66.00;51.71;-;108.58;55.72;68.32
Dec 25, 2023;Jan 1, 2024;20.69;32.26;25.65;29.92;33.53;23.85;34.57;56.39;24.37;33.45;39.14;30.54;23.44;-;115.86;26.22;31.04
Jan 1, 2024;Jan 8, 2024;66.61;73.94;65.21;69.30;87.88;62.69;69.19;76.39;67.59;91.41;88.81;66.69;68.18;-;100.15;67.96;69.29
Jan 8, 2024;Jan 15, 2024;98.55;99.31;101.24;97.79;97.91;100.20;96.26;94.82;99.60;106.47;95.02;103.08;100.02;-;107.47;100.12;101.18
Jan 15, 2024;Jan 22, 2024;83.20;87.02;85.74;82.96;88.92;83.00;82.07;82.80;86.90;97.64;87.13;92.01;88.08;-;96.73;88.07;89.82
Jan 22, 2024;Jan 29, 2024;57.16;62.73;62.47;53.41;48.96;60.50;65.87;56.11;71.32;81.06;39.10;75.54;75.65;-;93.57;75.83;82.78
Jan 29, 2024;Feb 5, 2024;59.92;59.61;64.76;49.41;36.77;63.71;65.83;52.32;71.11;71.15;26.43;75.86;78.35;-;95.89;74.35;78.85
Feb 5, 2024;Feb 12, 2024;64.80;68.36;64.59;64.28;66.61;56.37;68.44;65.71;69.08;80.66;67.03;75.78;73.36;-;91.12;70.51;72.91
Feb 12, 2024;Feb 19, 2024;66.65;66.12;64.43;65.47;59.60;62.37;67.75;63.70;67.45;81.73;57.56;69.47;67.75;-;89.23;67.76;69.20
Feb 19, 2024;Feb 26, 2024;57.00;56.72;55.97;54.19;50.57;54.33;57.51;54.61;59.69;70.68;41.87;62.55;61.94;-;81.83;61.16;61.98
Feb 26, 2024;Mar 4, 2024;67.26;65.34;67.56;63.84;62.11;65.92;67.36;56.78;68.14;78.39;50.79;69.65;68.17;-;84.33;68.43;69.03
Mar 4, 2024;Mar 11, 2024;64.51;67.11;70.44;62.49;61.87;67.79;62.63;63.58;67.43;74.51;62.32;77.99;67.20;-;91.02;67.63;67.96
Mar 11, 2024;Mar 18, 2024;66.53;63.30;61.86;59.58;57.13;58.00;64.50;57.97;67.46;75.42;51.93;74.10;68.34;-;88.22;67.90;68.77
Mar 18, 2024;Mar 25, 2024;66.79;64.08;56.02;62.47;65.63;44.37;63.74;58.20;65.81;85.23;64.80;71.30;67.33;-;88.07;66.19;67.59
Mar 25, 2024;Apr 1, 2024;60.72;56.95;53.32;59.79;59.49;39.01;61.37;56.10;52.88;68.14;49.51;68.74;58.07;-;92.61;54.16;55.96
Apr 1, 2024;Apr 8, 2024;45.46;43.20;26.35;47.23;49.29;9.88;41.38;46.26;42.55;74.17;42.36;49.01;46.68;-;76.27;43.47;45.73
Apr 8, 2024;Apr 15, 2024;51.87;41.23;40.94;37.23;38.10;12.46;48.94;35.15;45.27;71.34;20.90;52.68;50.53;-;77.91;46.67;49.11
Apr 15, 2024;Apr 22, 2024;70.93;64.57;51.20;70.28;72.28;21.38;64.86;55.32;67.97;92.56;69.66;70.65;74.15;-;92.10;69.15;71.69
Apr 22, 2024;Apr 29, 2024;77.55;74.72;67.64;79.85;80.34;60.12;74.06;67.07;75.96;86.18;79.19;73.12;78.41;-;103.07;78.56;78.50
Apr 29, 2024;May 6, 2024;56.87;51.50;49.55;51.07;50.94;33.84;61.53;38.09;52.68;66.45;46.14;59.64;56.55;-;83.94;56.15;57.76
May 6, 2024;May 13, 2024;67.33;60.61;51.35;67.70;68.82;28.06;62.81;51.43;61.98;90.41;52.45;64.70;67.02;-;89.90;65.74;65.70
May 13, 2024;May 20, 2024;49.13;40.84;47.81;30.19;26.91;23.68;55.80;24.15;48.01;74.22;17.66;44.67;56.08;-;95.26;74.23;64.28
May 20, 2024;May 27, 2024;79.56;66.01;62.33;69.54;64.50;36.50;74.70;44.14;76.06;97.44;49.44;70.86;80.60;-;95.67;79.96;81.77
May 27, 2024;Jun 3, 2024;77.95;64.88;56.58;69.84;77.13;16.13;65.07;49.63;77.63;99.36;57.18;66.72;78.47;-;98.80;80.59;85.75
Jun 3, 2024;Jun 10, 2024;78.40;64.92;65.90;60.49;66.34;36.86;69.93;41.41;77.54;104.99;54.90;55.62;80.15;-;106.76;98.36;90.67
Jun 10, 2024;Jun 17, 2024;63.96;55.37;49.88;56.41;60.08;21.01;62.09;39.30;60.60;101.48;45.33;46.06;66.85;-;97.64;79.40;77.11
Jun 17, 2024;Jun 24, 2024;81.15;70.54;74.94;76.94;77.91;51.50;78.82;53.24;68.37;102.35;61.43;48.36;82.12;-;108.76;108.47;96.25
Jun 24, 2024;Jul 1, 2024;77.12;67.86;63.22;69.16;70.21;51.05;72.59;37.58;71.31;116.57;64.41;45.52;84.87;-;99.49;98.34;114.14
Jul 1, 2024;Jul 8, 2024;51.33;45.04;35.35;39.06;43.52;26.82;45.31;26.28;51.40;102.61;39.75;28.00;57.33;-;103.08;69.45;91.64
Jul 8, 2024;Jul 15, 2024;68.58;61.06;57.98;66.99;66.04;52.39;67.39;34.61;55.54;115.58;48.17;39.27;67.71;-;106.77;84.28;177.87
Jul 15, 2024;Jul 22, 2024;71.05;63.69;62.33;66.65;67.11;57.62;71.18;33.63;68.19;123.90;37.56;43.45;69.00;-;106.62;106.74;182.31
Jul 22, 2024;Jul 29, 2024;76.24;63.57;59.99;70.96;70.72;50.04;72.46;37.94;74.83;107.10;29.44;43.66;82.13;-;110.22;93.34;111.59
Jul 29, 2024;Aug 5, 2024;79.19;64.89;63.80;76.29;76.41;53.42;76.86;51.14;74.20;88.49;34.89;38.14;80.14;-;115.59;87.25;90.88
Aug 5, 2024;Aug 12, 2024;75.83;59.45;53.88;61.25;61.96;30.49;71.85;36.21;75.99;87.37;52.97;39.46;82.51;-;122.42;97.44;93.30
Aug 12, 2024;Aug 19, 2024;96.41;80.22;76.77;94.32;94.04;65.54;89.88;50.17;92.86;99.00;62.89;59.24;97.68;-;125.71;107.61;126.93
Aug 19, 2024;Aug 26, 2024;60.97;54.04;48.20;46.19;46.90;43.45;55.11;30.50;75.94;100.49;11.88;60.96;74.86;-;121.58;101.75;126.39
Aug 26, 2024;Sep 2, 2024;92.38;80.61;81.57;85.05;82.21;78.95;87.85;37.58;99.52;112.50;31.79;88.29;101.41;-;132.85;146.11;147.57
Sep 2, 2024;Sep 9, 2024;98.32;87.70;89.94;86.07;85.82;82.34;94.82;42.11;108.53;111.84;62.42;97.82;102.93;-;135.80;140.90;156.06
Sep 9, 2024;Sep 16, 2024;79.83;66.37;65.96;68.79;68.16;51.37;79.85;39.23;82.17;103.57;7.92;79.80;83.25;-;107.39;89.72;109.21
Sep 16, 2024;Sep 23, 2024;80.26;68.43;65.53;80.39;80.78;42.86;77.54;40.13;81.41;94.74;25.90;80.64;82.86;-;109.28;88.61;94.79
Sep 23, 2024;Sep 30, 2024;63.64;52.97;53.00;59.27;54.47;35.15;68.00;32.87;62.21;71.46;10.73;70.58;64.95;-;110.81;66.81;73.23
Sep 30, 2024;Oct 7, 2024;72.38;69.22;64.87;63.62;63.42;57.15;74.03;46.06;76.04;116.90;36.37;82.03;80.93;-;118.30;81.91;85.78
Oct 7, 2024;Oct 14, 2024;68.22;57.97;63.00;58.33;56.17;46.52;73.37;39.30;66.71;82.99;17.08;65.31;68.86;-;102.85;68.50;71.44
Oct 14, 2024;Oct 21, 2024;75.78;64.72;70.35;71.54;70.63;52.82;80.03;38.41;71.13;86.52;26.83;66.95;76.75;-;113.46;73.96;77.88
Oct 21, 2024;Oct 28, 2024;100.58;83.03;86.77;93.71;94.98;70.74;98.48;38.53;100.61;114.74;15.14;95.53;104.16;-;119.46;104.70;108.76
Oct 28, 2024;Nov 4, 2024;108.32;87.72;103.10;82.41;80.72;85.27;110.26;39.01;112.28;104.52;27.74;107.65;112.00;-;114.59;113.46;115.15
Nov 4, 2024;Nov 11, 2024;146.20;121.61;124.39;129.94;130.23;111.25;135.11;47.62;142.12;143.73;105.41;122.81;145.06;-;123.22;142.22;148.78
Nov 11, 2024;Nov 18, 2024;120.29;107.90;117.55;96.33;96.31;110.50;118.39;46.91;146.81;122.20;68.12;128.58;135.21;-;132.61;164.55;230.13
Nov 18, 2024;Nov 25, 2024;94.03;101.24;95.26;90.72;90.31;88.47;97.79;83.82;118.81;106.46;83.61;130.94;127.40;-;135.71;127.74;157.07
Nov 25, 2024;Dec 2, 2024;101.84;99.08;103.17;80.22;79.30;97.71;105.12;51.47;125.43;126.53;56.65;128.07;136.14;-;138.77;128.84;137.92
Dec 2, 2024;Dec 9, 2024;114.12;109.83;107.97;96.14;98.58;95.58;110.50;69.94;136.17;141.23;72.06;135.26;144.75;-;147.11;142.41;157.28
Dec 9, 2024;Dec 16, 2024;176.85;154.09;153.23;163.80;162.95;130.25;165.41;134.61;183.40;129.75;131.98;153.48;186.13;-;153.08;181.49;189.06
Dec 16, 2024;Dec 23, 2024;51.92;61.94;62.37;30.36;34.00;60.66;60.65;27.76;96.50;70.28;28.01;111.23;99.46;-;120.29;105.60;120.79
Dec 23, 2024;Dec 30, 2024;103.25;91.15;105.20;94.92;94.78;104.46;105.34;34.34;109.18;111.79;24.25;109.70;108.69;-;121.95;111.02;114.77
Dec 30, 2024;Jan 6, 2025;73.87;81.81;85.87;58.66;57.27;90.14;90.86;54.23;117.39;70.88;50.19;117.82;106.61;-;139.86;116.65;123.96
Jan 6, 2025;Jan 13, 2025;90.56;91.70;95.49;81.32;73.12;89.65;99.99;61.11;112.77;98.72;59.87;123.43;113.21;-;131.21;112.64;118.84
Jan 13, 2025;Jan 20, 2025;147.93;121.59;142.18;111.91;124.58;137.71;142.98;46.04;150.39;143.74;46.45;144.66;146.92;-;147.84;151.37;155.13
Jan 20, 2025;Jan 27, 2025;134.98;124.94;126.91;122.08;124.31;113.11;131.32;90.11;156.96;123.82;88.07;152.85;144.83;-;154.29;161.47;171.11
Jan 27, 2025;Feb 3, 2025;117.12;110.33;107.75;107.36;110.92;90.57;113.33;79.38;128.94;123.47;84.52;139.10;128.33;-;142.62;129.51;131.23
Feb 3, 2025;Feb 10, 2025;135.31;125.22;140.18;109.99;124.71;138.06;132.35;81.88;138.42;136.55;87.87;150.88;136.56;-;153.93;139.21;140.61
Feb 10, 2025;Feb 17, 2025;144.82;138.25;149.72;127.05;127.68;140.73;143.74;108.81;154.19;144.16;119.83;156.73;148.13;-;160.17;161.91;167.77
Feb 17, 2025;Feb 24, 2025;106.26;108.26;105.27;95.27;98.38;100.17;106.32;81.11;133.11;120.87;88.73;144.44;117.23;-;148.25;141.59;165.83
Feb 24, 2025;Mar 3, 2025;119.44;105.00;110.83;109.16;107.34;101.12;112.14;55.45;130.68;125.70;48.72;133.86;120.03;-;132.93;138.85;160.55
Mar 3, 2025;Mar 10, 2025;93.50;76.67;89.23;65.08;63.94;75.80;88.99;35.60;104.00;89.23;21.33;115.51;94.65;-;122.70;109.13;119.49
Mar 10, 2025;Mar 17, 2025;110.62;103.91;106.01;107.64;106.49;100.69;106.22;72.14;110.93;112.94;88.88;119.97;111.15;-;119.65;110.64;111.07
Mar 17, 2025;Mar 24, 2025;77.91;77.56;78.56;73.85;70.09;56.90;80.17;43.13;95.54;85.41;58.59;117.89;93.01;-;123.86;94.93;96.20
Mar 24, 2025;Mar 31, 2025;91.86;85.20;87.53;83.49;86.71;71.50;88.06;46.79;101.99;104.25;54.52;114.83;97.54;-;119.83;100.99;101.15
Mar 31, 2025;Apr 7, 2025;74.39;70.86;65.07;75.60;75.35;38.26;66.11;54.84;83.24;86.96;60.50;94.42;79.13;-;114.35;85.32;87.66
Apr 7, 2025;Apr 14, 2025;77.31;69.55;70.63;69.41;71.02;38.55;72.96;50.27;85.92;91.26;46.64;87.72;80.62;-;103.37;90.39;95.90
Apr 14, 2025;Apr 21, 2025;82.62;70.83;80.09;75.31;76.29;36.88;80.85;48.09;81.71;87.87;42.64;86.01;83.42;-;102.51;85.26;85.19
Apr 21, 2025;Apr 28, 2025;82.61;78.19;81.12;84.81;84.71;58.67;82.26;69.07;80.05;86.48;70.32;80.74;81.88;-;88.97;83.37;82.20
Apr 28, 2025;May 5, 2025;60.04;54.90;59.07;61.34;61.08;25.19;59.82;49.83;59.41;66.78;44.55;57.10;59.77;-;76.88;59.90;60.31
May 5, 2025;May 12, 2025;76.18;71.85;61.25;82.94;83.41;9.61;69.70;80.51;75.72;96.30;79.18;73.41;78.29;-;96.69;86.59;84.45
May 12, 2025;May 19, 2025;68.61;65.03;64.46;69.28;62.75;23.10;65.62;68.19;69.81;98.40;51.98;67.73;74.02;-;95.26;98.57;87.00
May 19, 2025;May 26, 2025;69.09;64.74;65.51;55.48;56.03;19.27;66.27;60.94;78.65;99.14;46.54;82.78;81.52;-;97.51;94.27;91.17
May 26, 2025;Jun 2, 2025;61.93;59.29;56.27;52.48;52.96;28.00;60.06;53.62;66.40;98.81;48.80;66.94;67.87;-;98.90;73.51;74.89
Jun 2, 2025;Jun 9, 2025;64.71;59.23;59.33;60.85;60.47;17.09;62.95;55.78;63.75;92.03;44.23;58.31;76.71;-;98.94;92.15;89.59
Jun 9, 2025;Jun 16, 2025;53.80;56.26;60.35;55.38;55.16;28.14;62.78;56.13;57.05;79.50;49.43;49.25;65.67;-;112.02;79.79;72.90
Jun 16, 2025;Jun 23, 2025;71.82;66.26;74.26;69.59;62.26;51.58;75.98;62.18;72.10;75.48;36.75;69.35;79.31;-;115.85;86.33;83.30
Jun 23, 2025;Jun 30, 2025;63.61;60.62;65.58;46.73;45.13;61.28;68.09;48.39;72.43;78.59;18.85;73.72;87.99;-;116.24;94.16;91.27
Jun 30, 2025;Jul 7, 2025;91.16;81.99;94.03;78.47;80.90;75.50;93.34;57.71;93.07;99.85;31.18;98.50;99.30;-;122.29;111.83;105.98
Jul 7, 2025;Jul 14, 2025;86.55;78.79;83.06;85.18;78.75;49.96;87.15;66.65;86.27;105.84;45.35;89.01;89.49;-;109.76;90.27;93.74
Jul 14, 2025;Jul 21, 2025;88.60;81.52;81.01;88.45;88.57;60.89;87.19;73.96;88.08;103.53;42.50;90.58;92.01;-;117.75;98.78;98.29
Jul 21, 2025;Jul 28, 2025;89.63;81.90;80.38;88.07;85.00;56.50;87.97;78.50;88.01;103.92;46.60;92.54;93.44;-;107.31;122.00;117.12
Jul 28, 2025;Aug 4, 2025;76.44;69.47;70.72;69.73;63.76;47.94;74.83;68.59;75.50;92.39;48.68;76.43;75.60;-;103.22;82.39;87.50
Aug 4, 2025;Aug 11, 2025;59.66;53.56;51.55;46.43;50.83;40.99;58.15;47.86;58.51;81.69;23.09;69.09;60.95;-;106.71;68.11;70.29
Aug 11, 2025;Aug 18, 2025;81.85;78.62;77.06;81.23;81.69;66.34;81.61;76.19;78.76;85.22;74.48;80.58;81.69;-;112.50;83.14;85.78
Aug 18, 2025;Aug 25, 2025;80.32;78.43;76.48;78.60;79.77;58.48;79.34;77.67;80.89;89.04;76.32;84.55;81.58;-;104.11;81.64;82.60
Aug 25, 2025;Sep 1, 2025;90.19;84.75;74.14;90.14;92.33;55.56;82.77;85.27;83.10;102.36;90.95;86.56;89.06;-;108.19;85.17;85.12
Sep 1, 2025;Sep 8, 2025;84.90;77.40;56.60;83.05;86.26;28.79;72.48;64.78;87.07;112.47;82.14;88.80;88.93;-;103.75;88.93;94.84
Sep 8, 2025;Sep 15, 2025;92.99;82.72;62.27;84.86;92.06;26.36;85.92;59.16;100.07;121.65;76.63;99.89;101.10;-;108.82;103.09;112.85
Sep 15, 2025;Sep 22, 2025;50.97;54.72;46.59;27.54;50.26;32.91;52.44;39.97;70.66;88.02;28.09;91.87;73.55;-;108.78;75.19;84.93
Sep 22, 2025;Sep 29, 2025;90.93;82.11;78.86;76.88;90.30;44.17;87.26;71.21;98.80;99.87;61.63;100.00;94.18;-;107.87;98.31;103.31
Sep 29, 2025;Oct 6, 2025;79.17;77.13;64.30;72.82;79.64;42.94;75.45;49.98;105.97;101.99;65.36;100.06;89.97;-;102.25;108.65;113.40
Oct 6, 2025;Oct 13, 2025;103.27;92.12;96.97;91.74;93.04;78.47;101.74;66.61;108.59;108.82;58.44;104.89;104.06;-;113.60;111.66;121.46
Oct 13, 2025;Oct 20, 2025;116.63;107.16;99.40;112.80;117.68;78.78;108.94;74.71;126.59;125.60;103.04;114.29;116.95;-;119.68;130.42;145.87
Oct 20, 2025;Oct 27, 2025;-;-;-;-;-;-;-;-;-;-;-;-;-;-;-;-;-
Oct 27, 2025;Nov 3, 2025;-;-;-;-;-;-;-;-;-;-;-;-;-;-;-;-;-
Nov 3, 2025;Nov 10, 2025;-;-;-;-;-;-;-;-;-;-;-;-;-;-;-;-;-
